{"status":"done","chunks":{"main":[{"name":"main.294ae4965e6c96618d7d.js","path":"/home/ubuntu/cs436/build/bundles/main.294ae4965e6c96618d7d.js"},{"name":"static/css/main.294ae4965e6c96618d7d.css","path":"/home/ubuntu/cs436/build/bundles/static/css/main.294ae4965e6c96618d7d.css"},{"name":"main.294ae4965e6c96618d7d.js.map","path":"/home/ubuntu/cs436/build/bundles/main.294ae4965e6c96618d7d.js.map"},{"name":"static/css/main.294ae4965e6c96618d7d.css.map","path":"/home/ubuntu/cs436/build/bundles/static/css/main.294ae4965e6c96618d7d.css.map"}]}}